,sanp number,day,month,date,time,year,dimensions,comments
0,snap1,Wed,Jul,21,15:45:01,2021,"[[[301  12]]

 [[300  13]]

 [[297  13]]

 [[298  14]]

 [[301  14]]

 [[302  15]]

 [[302  17]]

 [[303  18]]

 [[302  19]]

 [[301  19]]

 [[300  20]]

 [[300  24]]

 [[301  25]]

 [[300  26]]

 [[298  26]]

 [[297  25]]

 [[297  23]]

 [[298  22]]

 [[297  23]]

 [[296  23]]

 [[296  26]]

 [[297  27]]

 [[297  28]]

 [[296  29]]

 [[296  35]]

 [[297  35]]

 [[298  36]]

 [[297  37]]

 [[297  50]]

 [[299  52]]

 [[299  53]]

 [[304  53]]

 [[305  54]]

 [[306  53]]

 [[307  54]]

 [[308  54]]

 [[309  53]]

 [[310  54]]

 [[340  54]]

 [[341  53]]

 [[345  53]]

 [[346  52]]

 [[354  52]]

 [[355  51]]

 [[360  51]]

 [[361  50]]

 [[364  50]]

 [[365  49]]

 [[368  49]]

 [[369  48]]

 [[369  34]]

 [[370  33]]

 [[371  34]]

 [[371  35]]

 [[371  34]]

 [[372  33]]

 [[373  34]]

 [[373  36]]

 [[373  34]]

 [[374  33]]

 [[374  31]]

 [[373  31]]

 [[372  30]]

 [[373  29]]

 [[372  29]]

 [[371  28]]

 [[371  26]]

 [[370  25]]

 [[370  23]]

 [[369  22]]

 [[369  18]]

 [[370  17]]

 [[368  17]]

 [[367  18]]

 [[366  17]]

 [[365  18]]

 [[362  18]]

 [[361  19]]

 [[360  18]]

 [[349  18]]

 [[348  17]]

 [[313  17]]

 [[312  18]]

 [[304  18]]

 [[303  17]]

 [[304  16]]

 [[309  16]]

 [[310  15]]

 [[325  15]]

 [[322  15]]

 [[321  14]]

 [[309  14]]

 [[308  15]]

 [[307  14]]

 [[305  14]]

 [[304  15]]

 [[303  15]]

 [[302  14]]

 [[302  12]]]",NONE
1,snap2,Wed,Jul,21,15:45:02,2021,"[[[303  21]]

 [[301  23]]

 [[303  25]]

 [[321  25]]

 [[322  26]]

 [[328  26]]

 [[329  25]]

 [[330  26]]

 [[347  26]]

 [[348  27]]

 [[349  27]]

 [[350  28]]

 [[350  29]]

 [[352  31]]

 [[352  33]]

 [[353  34]]

 [[353  35]]

 [[354  36]]

 [[354  37]]

 [[355  38]]

 [[355  40]]

 [[356  41]]

 [[356  42]]

 [[357  41]]

 [[359  43]]

 [[361  43]]

 [[362  42]]

 [[363  43]]

 [[364  43]]

 [[365  44]]

 [[365  47]]

 [[365  42]]

 [[364  41]]

 [[365  40]]

 [[365  38]]

 [[366  37]]

 [[366  36]]

 [[365  36]]

 [[365  40]]

 [[364  41]]

 [[359  41]]

 [[358  40]]

 [[359  39]]

 [[362  39]]

 [[362  37]]

 [[363  36]]

 [[363  34]]

 [[362  33]]

 [[362  31]]

 [[361  30]]

 [[361  29]]

 [[359  27]]

 [[356  27]]

 [[359  30]]

 [[359  31]]

 [[360  32]]

 [[360  33]]

 [[359  34]]

 [[358  34]]

 [[358  37]]

 [[356  39]]

 [[354  37]]

 [[354  34]]

 [[353  33]]

 [[353  32]]

 [[352  31]]

 [[352  29]]

 [[351  28]]

 [[351  26]]

 [[352  25]]

 [[355  25]]

 [[355  24]]

 [[354  23]]

 [[350  23]]

 [[349  22]]

 [[342  22]]

 [[341  21]]

 [[317  21]]

 [[316  22]]

 [[312  22]]

 [[311  21]]]",NONE
2,snap3,Wed,Jul,21,15:45:03,2021,"[[[287   0]]

 [[287   3]]

 [[288   4]]

 [[288   5]]

 [[289   4]]

 [[290   5]]

 [[290   9]]

 [[291   8]]

 [[297   8]]

 [[298   9]]

 [[304   9]]

 [[305  10]]

 [[308  10]]

 [[309  11]]

 [[311  11]]

 [[311  10]]

 [[313   8]]

 [[319   8]]

 [[320   9]]

 [[321   9]]

 [[322   8]]

 [[323   9]]

 [[325   9]]

 [[326  10]]

 [[326  12]]

 [[327  12]]

 [[328  13]]

 [[327  14]]

 [[326  14]]

 [[327  14]]

 [[328  13]]

 [[332  13]]

 [[333  14]]

 [[335  14]]

 [[336  13]]

 [[337  14]]

 [[344  14]]

 [[345  13]]

 [[347  13]]

 [[347  12]]

 [[346  11]]

 [[344  11]]

 [[343  12]]

 [[341  12]]

 [[340  13]]

 [[328  13]]

 [[327  12]]

 [[328  11]]

 [[338  11]]

 [[339  10]]

 [[341  10]]

 [[342   9]]

 [[347   9]]

 [[350  12]]

 [[350  14]]

 [[353  14]]

 [[354  15]]

 [[353  16]]

 [[325  16]]

 [[324  17]]

 [[322  15]]

 [[315  15]]

 [[314  14]]

 [[314  15]]

 [[313  16]]

 [[312  15]]

 [[312  14]]

 [[311  14]]

 [[310  13]]

 [[302  13]]

 [[301  12]]

 [[299  12]]

 [[298  11]]

 [[296  11]]

 [[295  10]]

 [[292  10]]

 [[292  11]]

 [[291  12]]

 [[292  13]]

 [[300  13]]

 [[301  14]]

 [[300  15]]

 [[288  15]]

 [[287  14]]

 [[286  14]]

 [[286  15]]

 [[287  16]]

 [[286  17]]

 [[287  18]]

 [[287  20]]

 [[288  20]]

 [[290  22]]

 [[293  22]]

 [[294  23]]

 [[297  23]]

 [[298  22]]

 [[299  23]]

 [[321  23]]

 [[322  22]]

 [[324  22]]

 [[325  23]]

 [[328  23]]

 [[329  22]]

 [[330  23]]

 [[331  23]]

 [[332  22]]

 [[342  22]]

 [[343  21]]

 [[347  21]]

 [[348  20]]

 [[352  20]]

 [[353  19]]

 [[355  19]]

 [[356  18]]

 [[356  16]]

 [[355  15]]

 [[355  14]]

 [[354  15]]

 [[353  14]]

 [[353  12]]

 [[354  11]]

 [[354   9]]

 [[355   8]]

 [[355   3]]

 [[356   2]]

 [[356   0]]

 [[348   0]]

 [[346   2]]

 [[344   0]]

 [[296   0]]

 [[296   1]]

 [[295   2]]

 [[292   2]]

 [[291   1]]

 [[291   0]]]",NONE
3,snap4,Wed,Jul,21,15:45:04,2021,"[[[277  11]]

 [[321  11]]

 [[322  12]]

 [[324  12]]

 [[325  11]]

 [[326  11]]

 [[327  12]]

 [[327  13]]

 [[328  14]]

 [[328  17]]

 [[329  18]]

 [[329  19]]

 [[330  20]]

 [[330  22]]

 [[331  23]]

 [[331  26]]

 [[329  28]]

 [[274  28]]

 [[273  27]]

 [[274  26]]

 [[304  26]]

 [[272  26]]

 [[271  27]]

 [[268  27]]

 [[267  26]]

 [[267  25]]

 [[268  24]]

 [[268  23]]

 [[270  21]]

 [[270  20]]

 [[272  18]]

 [[272  17]]

 [[273  16]]

 [[273  15]]]",NONE
4,snap5,Wed,Jul,21,15:45:04,2021,"[[[266  26]]

 [[318  26]]

 [[320  28]]

 [[320  32]]

 [[321  33]]

 [[321  34]]

 [[322  35]]

 [[322  36]]

 [[323  37]]

 [[323  40]]

 [[324  41]]

 [[324  42]]

 [[323  43]]

 [[318  43]]

 [[317  44]]

 [[299  44]]

 [[298  43]]

 [[299  42]]

 [[309  42]]

 [[262  42]]

 [[261  43]]

 [[259  43]]

 [[258  42]]

 [[257  42]]

 [[256  41]]

 [[256  40]]

 [[257  39]]

 [[257  38]]

 [[259  36]]

 [[259  35]]

 [[262  32]]

 [[262  31]]

 [[263  30]]

 [[263  29]]]",NONE
5,snap6,Wed,Jul,21,15:45:05,2021,"[[[492   4]]

 [[491   5]]

 [[492   6]]

 [[492   7]]

 [[491   8]]

 [[490   7]]

 [[488   7]]

 [[487   8]]

 [[484   8]]

 [[483   7]]

 [[479   7]]

 [[478   6]]

 [[477   7]]

 [[473   7]]

 [[472   6]]

 [[469   6]]

 [[468   7]]

 [[467   7]]

 [[466   6]]

 [[465   7]]

 [[464   6]]

 [[461   6]]

 [[460   7]]

 [[456   7]]

 [[455   6]]

 [[453   6]]

 [[452   7]]

 [[451   6]]

 [[450   7]]

 [[438   7]]

 [[437   8]]

 [[433   8]]

 [[432   7]]

 [[430   7]]

 [[429   8]]

 [[427   8]]

 [[427   9]]

 [[428  10]]

 [[429   9]]

 [[434   9]]

 [[435  10]]

 [[437  10]]

 [[439   8]]

 [[440   8]]

 [[441   9]]

 [[441  10]]

 [[442  11]]

 [[443  10]]

 [[444  11]]

 [[445  10]]

 [[451  10]]

 [[452   9]]

 [[454  11]]

 [[454  10]]

 [[455   9]]

 [[457   9]]

 [[458   8]]

 [[459   9]]

 [[459  10]]

 [[458  11]]

 [[456  11]]

 [[472  11]]

 [[473  10]]

 [[474  11]]

 [[475  10]]

 [[476  11]]

 [[477  11]]

 [[476  10]]

 [[477   9]]

 [[478   9]]

 [[479  10]]

 [[481  10]]

 [[482  11]]

 [[483  10]]

 [[484  10]]

 [[485   9]]

 [[487   9]]

 [[488  10]]

 [[488  11]]

 [[487  12]]

 [[486  12]]

 [[485  13]]

 [[484  13]]

 [[483  14]]

 [[483  15]]

 [[484  16]]

 [[490  16]]

 [[491  17]]

 [[491  18]]

 [[492  18]]

 [[491  17]]

 [[491  16]]

 [[492  15]]

 [[492  13]]

 [[493  12]]

 [[493   4]]]",NONE
6,snap7,Wed,Jul,21,15:45:05,2021,"[[[289   0]]

 [[289   1]]

 [[290   2]]

 [[290   4]]

 [[291   5]]

 [[293   5]]

 [[294   6]]

 [[298   6]]

 [[299   7]]

 [[303   7]]

 [[304   8]]

 [[306   8]]

 [[307   7]]

 [[308   8]]

 [[313   8]]

 [[314   7]]

 [[320   7]]

 [[321   8]]

 [[322   8]]

 [[323   7]]

 [[324   8]]

 [[327   8]]

 [[328   7]]

 [[333   7]]

 [[334   6]]

 [[342   6]]

 [[343   5]]

 [[345   5]]

 [[346   6]]

 [[347   5]]

 [[354   5]]

 [[355   4]]

 [[359   4]]

 [[360   3]]

 [[360   0]]

 [[354   0]]

 [[353   1]]

 [[352   0]]

 [[339   0]]

 [[339   1]]

 [[338   2]]

 [[337   1]]

 [[337   0]]]",NONE
7,snap8,Wed,Jul,21,15:45:06,2021,"[[[281   0]]

 [[281   1]]

 [[280   2]]

 [[281   3]]

 [[280   4]]

 [[280   7]]

 [[281   8]]

 [[280   9]]

 [[281  10]]

 [[280  11]]

 [[281  12]]

 [[281  16]]

 [[282  17]]

 [[283  16]]

 [[284  17]]

 [[286  17]]

 [[287  18]]

 [[288  18]]

 [[289  19]]

 [[296  19]]

 [[297  20]]

 [[302  20]]

 [[303  19]]

 [[305  19]]

 [[306  20]]

 [[313  20]]

 [[314  19]]

 [[325  19]]

 [[326  18]]

 [[330  18]]

 [[330  17]]

 [[331  16]]

 [[332  17]]

 [[332  18]]

 [[338  18]]

 [[339  17]]

 [[346  17]]

 [[347  16]]

 [[352  16]]

 [[354  14]]

 [[355  14]]

 [[355  12]]

 [[354  11]]

 [[354  10]]

 [[353   9]]

 [[353   4]]

 [[354   3]]

 [[354   1]]

 [[355   0]]

 [[356   0]]

 [[357   1]]

 [[356   2]]

 [[358   0]]

 [[359   1]]

 [[360   0]]

 [[354   0]]

 [[353   1]]

 [[353   2]]

 [[352   3]]

 [[352   5]]

 [[350   7]]

 [[346   7]]

 [[345   6]]

 [[341   6]]

 [[340   5]]

 [[340   4]]

 [[337   4]]

 [[336   3]]

 [[322   3]]

 [[322   5]]

 [[323   5]]

 [[324   6]]

 [[325   6]]

 [[326   5]]

 [[327   5]]

 [[328   4]]

 [[329   5]]

 [[330   4]]

 [[331   5]]

 [[331   6]]

 [[332   7]]

 [[332   8]]

 [[331   9]]

 [[330   8]]

 [[292   8]]

 [[291   7]]

 [[285   7]]

 [[284   6]]

 [[284   5]]

 [[285   4]]

 [[283   4]]

 [[282   3]]

 [[282   0]]]",NONE
8,snap9,Wed,Jul,21,15:45:06,2021,"[[[283   0]]

 [[282   1]]

 [[281   1]]

 [[281   2]]

 [[280   3]]

 [[280   4]]

 [[279   5]]

 [[281   5]]

 [[282   4]]

 [[283   5]]

 [[284   5]]

 [[286   3]]

 [[312   3]]

 [[313   4]]

 [[314   4]]

 [[315   5]]

 [[317   5]]

 [[318   4]]

 [[320   4]]

 [[321   5]]

 [[322   5]]

 [[323   4]]

 [[328   4]]

 [[329   5]]

 [[328   6]]

 [[328   7]]

 [[327   8]]

 [[326   8]]

 [[326   9]]

 [[330   9]]

 [[331   8]]

 [[332   8]]

 [[333   7]]

 [[337   7]]

 [[338   8]]

 [[338   9]]

 [[337  10]]

 [[333  10]]

 [[333  11]]

 [[336  11]]

 [[337  12]]

 [[337  14]]

 [[339  14]]

 [[340  15]]

 [[339  16]]

 [[340  16]]

 [[341  17]]

 [[341  20]]

 [[340  21]]

 [[339  20]]

 [[339  18]]

 [[338  19]]

 [[337  19]]

 [[337  24]]

 [[338  24]]

 [[339  23]]

 [[339  22]]

 [[340  21]]

 [[341  22]]

 [[341  25]]

 [[340  26]]

 [[340  30]]

 [[338  32]]

 [[333  32]]

 [[332  31]]

 [[327  31]]

 [[326  30]]

 [[327  29]]

 [[329  29]]

 [[323  29]]

 [[322  28]]

 [[314  28]]

 [[313  29]]

 [[312  28]]

 [[308  28]]

 [[307  27]]

 [[306  28]]

 [[306  30]]

 [[307  30]]

 [[308  31]]

 [[308  32]]

 [[307  33]]

 [[290  33]]

 [[289  32]]

 [[290  31]]

 [[291  31]]

 [[292  30]]

 [[293  30]]

 [[292  29]]

 [[292  27]]

 [[283  27]]

 [[282  28]]

 [[278  28]]

 [[277  29]]

 [[273  29]]

 [[272  28]]

 [[272  26]]

 [[271  27]]

 [[271  29]]

 [[272  28]]

 [[274  30]]

 [[275  30]]

 [[276  31]]

 [[280  31]]

 [[281  30]]

 [[282  31]]

 [[283  30]]

 [[286  30]]

 [[287  31]]

 [[288  31]]

 [[289  32]]

 [[288  33]]

 [[272  33]]

 [[271  32]]

 [[272  31]]

 [[271  32]]

 [[266  32]]

 [[263  29]]

 [[264  28]]

 [[263  29]]

 [[262  28]]

 [[262  22]]

 [[263  21]]

 [[264  22]]

 [[265  22]]

 [[265  20]]

 [[266  19]]

 [[267  19]]

 [[268  18]]

 [[271  18]]

 [[272  19]]

 [[273  19]]

 [[274  20]]

 [[274  21]]

 [[275  22]]

 [[274  23]]

 [[273  23]]

 [[272  22]]

 [[271  23]]

 [[270  23]]

 [[269  22]]

 [[267  22]]

 [[269  22]]

 [[270  23]]

 [[273  23]]

 [[274  24]]

 [[285  24]]

 [[286  25]]

 [[323  25]]

 [[324  24]]

 [[327  24]]

 [[321  24]]

 [[320  25]]

 [[319  24]]

 [[313  24]]

 [[312  23]]

 [[313  22]]

 [[325  22]]

 [[326  21]]

 [[327  21]]

 [[328  20]]

 [[328  19]]

 [[329  18]]

 [[330  18]]

 [[329  18]]

 [[328  17]]

 [[328  18]]

 [[326  20]]

 [[325  20]]

 [[324  21]]

 [[321  21]]

 [[320  22]]

 [[310  22]]

 [[309  23]]

 [[308  22]]

 [[304  22]]

 [[303  21]]

 [[302  21]]

 [[301  20]]

 [[302  19]]

 [[323  19]]

 [[325  17]]

 [[325  15]]

 [[321  15]]

 [[319  17]]

 [[318  16]]

 [[313  16]]

 [[312  15]]

 [[311  16]]

 [[303  16]]

 [[302  15]]

 [[296  15]]

 [[295  16]]

 [[285  16]]

 [[284  15]]

 [[275  15]]

 [[276  16]]

 [[276  18]]

 [[280  18]]

 [[281  19]]

 [[283  19]]

 [[284  18]]

 [[286  18]]

 [[287  19]]

 [[297  19]]

 [[298  18]]

 [[299  19]]

 [[299  20]]

 [[298  21]]

 [[296  21]]

 [[295  22]]

 [[294  22]]

 [[293  21]]

 [[276  21]]

 [[275  20]]

 [[274  20]]

 [[272  18]]

 [[269  18]]

 [[268  17]]

 [[269  16]]

 [[269  14]]

 [[270  13]]

 [[270  12]]

 [[271  11]]

 [[274  11]]

 [[274   9]]

 [[275   8]]

 [[276   9]]

 [[276  10]]

 [[277  11]]

 [[276  12]]

 [[284  12]]

 [[285  13]]

 [[286  13]]

 [[287  14]]

 [[288  14]]

 [[289  13]]

 [[295  13]]

 [[295  10]]

 [[296   9]]

 [[303   9]]

 [[304  10]]

 [[303  11]]

 [[303  12]]

 [[304  13]]

 [[313  13]]

 [[314  12]]

 [[315  13]]

 [[317  13]]

 [[318  12]]

 [[323  12]]

 [[322  12]]

 [[321  11]]

 [[322  10]]

 [[324  10]]

 [[323   9]]

 [[308   9]]

 [[307   8]]

 [[295   8]]

 [[294   7]]

 [[293   7]]

 [[292   8]]

 [[291   7]]

 [[287   7]]

 [[286   8]]

 [[285   8]]

 [[284   9]]

 [[276   9]]

 [[275   8]]

 [[275   7]]

 [[273   7]]

 [[272   6]]

 [[272   7]]

 [[270   9]]

 [[270  10]]

 [[269  11]]

 [[267  11]]

 [[266  12]]

 [[267  13]]

 [[266  14]]

 [[265  14]]

 [[264  15]]

 [[264  16]]

 [[262  18]]

 [[262  21]]

 [[261  22]]

 [[261  39]]

 [[262  40]]

 [[262  43]]

 [[263  42]]

 [[264  42]]

 [[265  43]]

 [[269  43]]

 [[270  44]]

 [[270  45]]

 [[273  45]]

 [[274  46]]

 [[295  46]]

 [[296  45]]

 [[297  46]]

 [[299  46]]

 [[299  45]]

 [[300  44]]

 [[301  45]]

 [[304  45]]

 [[305  44]]

 [[307  46]]

 [[308  46]]

 [[309  45]]

 [[311  45]]

 [[312  44]]

 [[321  44]]

 [[322  43]]

 [[330  43]]

 [[331  42]]

 [[337  42]]

 [[338  41]]

 [[340  41]]

 [[341  40]]

 [[342  40]]

 [[342  38]]

 [[343  37]]

 [[342  36]]

 [[342  35]]

 [[341  34]]

 [[341  27]]

 [[342  26]]

 [[342  25]]

 [[343  24]]

 [[344  24]]

 [[345  25]]

 [[347  23]]

 [[348  23]]

 [[349  22]]

 [[350  22]]

 [[350  20]]

 [[351  19]]

 [[350  18]]

 [[350  15]]

 [[349  14]]

 [[349  10]]

 [[348   9]]

 [[349   8]]

 [[350   8]]

 [[350   6]]

 [[351   5]]

 [[351   2]]

 [[350   3]]

 [[350   4]]

 [[349   5]]

 [[349   7]]

 [[348   8]]

 [[348  10]]

 [[347  11]]

 [[347  15]]

 [[346  16]]

 [[346  17]]

 [[344  19]]

 [[343  19]]

 [[342  18]]

 [[342  17]]

 [[343  16]]

 [[343  10]]

 [[341  10]]

 [[340   9]]

 [[340   7]]

 [[341   6]]

 [[342   7]]

 [[342   8]]

 [[342   7]]

 [[341   6]]

 [[342   5]]

 [[342   0]]

 [[340   0]]

 [[341   1]]

 [[341   3]]

 [[340   4]]

 [[337   1]]

 [[337   0]]

 [[327   0]]

 [[326   1]]

 [[323   1]]

 [[322   0]]]",NONE
9,snap10,Wed,Jul,21,15:45:07,2021,"[[[444   0]]

 [[444   4]]

 [[445   4]]

 [[446   5]]

 [[447   4]]

 [[448   5]]

 [[449   5]]

 [[450   6]]

 [[451   6]]

 [[452   7]]

 [[457   7]]

 [[458   8]]

 [[457   7]]

 [[456   7]]

 [[455   6]]

 [[457   4]]

 [[458   5]]

 [[459   4]]

 [[460   5]]

 [[460   7]]

 [[461   8]]

 [[469   8]]

 [[470   7]]

 [[471   7]]

 [[472   8]]

 [[476   8]]

 [[477   7]]

 [[478   8]]

 [[480   8]]

 [[480   7]]

 [[481   6]]

 [[482   7]]

 [[482   8]]

 [[483   8]]

 [[483   7]]

 [[484   6]]

 [[485   6]]

 [[486   7]]

 [[485   8]]

 [[487   8]]

 [[488   7]]

 [[489   7]]

 [[489   6]]

 [[490   5]]

 [[492   7]]

 [[493   7]]

 [[494   6]]

 [[496   6]]

 [[497   7]]

 [[499   7]]

 [[498   6]]

 [[499   5]]

 [[500   5]]

 [[501   6]]

 [[501   7]]

 [[502   8]]

 [[502   9]]

 [[501  10]]

 [[500  10]]

 [[499  11]]

 [[497  11]]

 [[496  12]]

 [[495  12]]

 [[495  13]]

 [[494  14]]

 [[492  12]]

 [[475  12]]

 [[474  11]]

 [[473  12]]

 [[472  11]]

 [[471  12]]

 [[455  12]]

 [[454  13]]

 [[453  13]]

 [[452  14]]

 [[451  13]]

 [[451  12]]

 [[450  12]]

 [[449  11]]

 [[450  10]]

 [[452  10]]

 [[450  10]]

 [[449  11]]

 [[446  11]]

 [[445  10]]

 [[446   9]]

 [[448   9]]

 [[446   9]]

 [[445  10]]

 [[443  10]]

 [[442   9]]

 [[442  10]]

 [[443  11]]

 [[443  12]]

 [[444  13]]

 [[443  14]]

 [[444  15]]

 [[445  15]]

 [[446  16]]

 [[452  16]]

 [[452  15]]

 [[453  14]]

 [[455  16]]

 [[454  17]]

 [[454  18]]

 [[453  19]]

 [[452  18]]

 [[451  19]]

 [[450  18]]

 [[449  18]]

 [[448  19]]

 [[447  18]]

 [[446  19]]

 [[444  17]]

 [[443  17]]

 [[441  15]]

 [[441  13]]

 [[440  12]]

 [[439  12]]

 [[438  13]]

 [[438  18]]

 [[437  19]]

 [[437  23]]

 [[436  24]]

 [[436  36]]

 [[439  39]]

 [[441  39]]

 [[442  40]]

 [[452  40]]

 [[453  39]]

 [[454  40]]

 [[455  39]]

 [[456  40]]

 [[491  40]]

 [[492  39]]

 [[495  39]]

 [[496  38]]

 [[504  38]]

 [[506  36]]

 [[508  36]]

 [[508  16]]

 [[507  16]]

 [[506  15]]

 [[509  12]]

 [[509   9]]

 [[504   4]]

 [[504   3]]

 [[503   2]]

 [[503   1]]

 [[504   0]]

 [[507   0]]

 [[502   0]]

 [[501   1]]

 [[500   0]]

 [[499   0]]

 [[500   0]]

 [[501   1]]

 [[500   2]]

 [[491   2]]

 [[490   1]]

 [[491   0]]

 [[495   0]]

 [[467   0]]

 [[489   0]]

 [[490   1]]

 [[489   2]]

 [[446   2]]]",NONE
10,snap11,Wed,Jul,21,15:45:07,2021,"[[[452   0]]

 [[453   1]]

 [[453   6]]

 [[452   7]]

 [[452   9]]

 [[458   9]]

 [[459  10]]

 [[460   9]]

 [[461   9]]

 [[462  10]]

 [[464  10]]

 [[465   9]]

 [[466  10]]

 [[469  10]]

 [[470   9]]

 [[471   9]]

 [[472  10]]

 [[473   9]]

 [[474   9]]

 [[475  10]]

 [[476  10]]

 [[477   9]]

 [[478   9]]

 [[479  10]]

 [[480   9]]

 [[481   9]]

 [[482  10]]

 [[484  10]]

 [[485   9]]

 [[486  10]]

 [[495  10]]

 [[495   6]]

 [[496   5]]

 [[497   6]]

 [[497   8]]

 [[498   9]]

 [[499   8]]

 [[500   9]]

 [[500  10]]

 [[499  11]]

 [[499  12]]

 [[500  13]]

 [[500  14]]

 [[501  15]]

 [[502  14]]

 [[503  15]]

 [[503  17]]

 [[502  18]]

 [[502  19]]

 [[503  20]]

 [[503  23]]

 [[504  24]]

 [[504  28]]

 [[503  29]]

 [[500  29]]

 [[505  29]]

 [[506  30]]

 [[505  31]]

 [[505  33]]

 [[504  34]]

 [[503  33]]

 [[503  32]]

 [[502  32]]

 [[501  31]]

 [[491  31]]

 [[490  32]]

 [[489  31]]

 [[487  31]]

 [[486  32]]

 [[485  32]]

 [[484  31]]

 [[483  32]]

 [[482  31]]

 [[471  31]]

 [[470  32]]

 [[469  31]]

 [[462  31]]

 [[461  32]]

 [[460  31]]

 [[459  32]]

 [[458  31]]

 [[449  31]]

 [[448  32]]

 [[447  32]]

 [[446  31]]

 [[445  31]]

 [[446  32]]

 [[445  33]]

 [[444  33]]

 [[443  32]]

 [[443  31]]

 [[442  30]]

 [[441  30]]

 [[441  33]]

 [[442  34]]

 [[442  35]]

 [[443  34]]

 [[444  35]]

 [[444  36]]

 [[445  37]]

 [[446  37]]

 [[447  38]]

 [[447  37]]

 [[448  36]]

 [[452  36]]

 [[453  35]]

 [[454  36]]

 [[454  37]]

 [[455  37]]

 [[456  38]]

 [[457  37]]

 [[458  38]]

 [[464  38]]

 [[465  39]]

 [[465  38]]

 [[466  37]]

 [[468  37]]

 [[469  38]]

 [[468  39]]

 [[472  39]]

 [[474  37]]

 [[475  38]]

 [[475  39]]

 [[479  39]]

 [[480  38]]

 [[481  38]]

 [[482  39]]

 [[483  39]]

 [[484  38]]

 [[485  39]]

 [[487  39]]

 [[489  37]]

 [[491  39]]

 [[492  38]]

 [[493  39]]

 [[494  38]]

 [[495  39]]

 [[496  38]]

 [[497  38]]

 [[498  39]]

 [[500  39]]

 [[501  38]]

 [[503  38]]

 [[503  36]]

 [[504  35]]

 [[505  35]]

 [[506  36]]

 [[506  39]]

 [[507  40]]

 [[505  42]]

 [[504  42]]

 [[503  43]]

 [[500  43]]

 [[499  44]]

 [[498  43]]

 [[499  44]]

 [[499  45]]

 [[498  46]]

 [[497  45]]

 [[496  46]]

 [[495  46]]

 [[494  45]]

 [[496  43]]

 [[494  43]]

 [[493  44]]

 [[464  44]]

 [[463  43]]

 [[464  42]]

 [[465  42]]

 [[456  42]]

 [[455  43]]

 [[453  43]]

 [[452  44]]

 [[451  43]]

 [[451  42]]

 [[450  42]]

 [[449  43]]

 [[446  43]]

 [[445  42]]

 [[443  42]]

 [[442  41]]

 [[441  41]]

 [[440  40]]

 [[439  40]]

 [[439  41]]

 [[441  43]]

 [[441  47]]

 [[440  48]]

 [[438  46]]

 [[438  44]]

 [[437  45]]

 [[435  45]]

 [[434  46]]

 [[434  53]]

 [[433  54]]

 [[433  71]]

 [[432  72]]

 [[433  73]]

 [[434  72]]

 [[435  73]]

 [[435  74]]

 [[438  74]]

 [[439  75]]

 [[440  75]]

 [[441  74]]

 [[442  74]]

 [[443  75]]

 [[442  76]]

 [[443  75]]

 [[444  76]]

 [[447  76]]

 [[448  75]]

 [[449  75]]

 [[450  76]]

 [[453  76]]

 [[454  75]]

 [[455  76]]

 [[456  75]]

 [[457  75]]

 [[458  76]]

 [[461  76]]

 [[462  77]]

 [[464  77]]

 [[465  76]]

 [[478  76]]

 [[479  75]]

 [[492  75]]

 [[493  74]]

 [[498  74]]

 [[499  73]]

 [[500  74]]

 [[501  73]]

 [[507  73]]

 [[508  72]]

 [[509  72]]

 [[510  71]]

 [[511  71]]

 [[512  70]]

 [[513  70]]

 [[514  69]]

 [[514  54]]

 [[513  53]]

 [[513  49]]

 [[514  48]]

 [[514  47]]

 [[512  49]]

 [[510  49]]

 [[509  48]]

 [[510  47]]

 [[511  47]]

 [[514  44]]

 [[514  39]]

 [[511  36]]

 [[510  36]]

 [[509  35]]

 [[509  33]]

 [[508  32]]

 [[509  31]]

 [[509  30]]

 [[510  29]]

 [[513  29]]

 [[514  28]]

 [[517  28]]

 [[518  27]]

 [[517  26]]

 [[518  25]]

 [[519  25]]

 [[519  24]]

 [[518  24]]

 [[518  25]]

 [[517  26]]

 [[516  25]]

 [[510  25]]

 [[509  24]]

 [[509  22]]

 [[508  21]]

 [[508  16]]

 [[505  19]]

 [[504  18]]

 [[504  17]]

 [[505  16]]

 [[504  17]]

 [[503  16]]

 [[503  14]]

 [[502  13]]

 [[502  11]]

 [[501  10]]

 [[501   8]]

 [[500   7]]

 [[500   3]]

 [[499   2]]

 [[499   0]]

 [[497   0]]

 [[497   2]]

 [[498   3]]

 [[498   5]]

 [[497   6]]

 [[496   5]]

 [[496   4]]

 [[496   5]]

 [[495   6]]

 [[494   5]]

 [[494   0]]]",NONE
11,snap12,Wed,Jul,21,15:45:08,2021,"[[[455  48]]

 [[454  49]]

 [[452  49]]

 [[451  50]]

 [[451  56]]

 [[452  57]]

 [[452  67]]

 [[451  68]]

 [[451  70]]

 [[467  70]]

 [[468  69]]

 [[469  70]]

 [[479  70]]

 [[480  69]]

 [[481  70]]

 [[485  70]]

 [[486  69]]

 [[487  70]]

 [[500  70]]

 [[501  69]]

 [[502  70]]

 [[505  70]]

 [[505  69]]

 [[504  68]]

 [[504  65]]

 [[505  64]]

 [[506  65]]

 [[506  67]]

 [[507  68]]

 [[508  68]]

 [[509  67]]

 [[510  68]]

 [[510  69]]

 [[511  70]]

 [[511  71]]

 [[512  72]]

 [[512  73]]

 [[511  74]]

 [[509  72]]

 [[509  71]]

 [[509  72]]

 [[510  73]]

 [[510  74]]

 [[511  75]]

 [[511  76]]

 [[512  77]]

 [[512  78]]

 [[513  79]]

 [[513  81]]

 [[514  82]]

 [[514  86]]

 [[515  87]]

 [[515  88]]

 [[516  89]]

 [[516  94]]

 [[515  95]]

 [[452  95]]

 [[451  94]]

 [[450  95]]

 [[449  95]]

 [[448  94]]

 [[447  95]]

 [[446  94]]

 [[442  94]]

 [[441  93]]

 [[441  87]]

 [[442  86]]

 [[442  82]]

 [[442  83]]

 [[441  84]]

 [[441  86]]

 [[440  87]]

 [[440  91]]

 [[439  92]]

 [[439  94]]

 [[440  95]]

 [[469  95]]

 [[470  96]]

 [[471  95]]

 [[472  96]]

 [[473  95]]

 [[474  96]]

 [[515  96]]

 [[516  95]]

 [[518  95]]

 [[518  92]]

 [[519  91]]

 [[520  92]]

 [[520  96]]

 [[518  98]]

 [[517  98]]

 [[517  99]]

 [[518 100]]

 [[518 102]]

 [[516 104]]

 [[515 103]]

 [[515  99]]

 [[514  98]]

 [[454  98]]

 [[453  97]]

 [[452  98]]

 [[443  98]]

 [[443  99]]

 [[442 100]]

 [[440  98]]

 [[441  97]]

 [[439  97]]

 [[438  96]]

 [[438  97]]

 [[437  98]]

 [[437  99]]

 [[439  99]]

 [[440 100]]

 [[440 103]]

 [[441 103]]

 [[442 104]]

 [[442 105]]

 [[443 106]]

 [[444 106]]

 [[445 105]]

 [[446 105]]

 [[447 106]]

 [[448 105]]

 [[450 107]]

 [[450 108]]

 [[452 106]]

 [[453 107]]

 [[454 107]]

 [[455 106]]

 [[456 107]]

 [[457 107]]

 [[458 108]]

 [[471 108]]

 [[472 107]]

 [[473 108]]

 [[479 108]]

 [[480 107]]

 [[481 108]]

 [[487 108]]

 [[488 107]]

 [[489 108]]

 [[490 107]]

 [[495 107]]

 [[496 108]]

 [[501 108]]

 [[500 107]]

 [[501 106]]

 [[501 105]]

 [[502 104]]

 [[503 105]]

 [[504 105]]

 [[505 104]]

 [[507 106]]

 [[508 105]]

 [[511 105]]

 [[512 104]]

 [[517 104]]

 [[517 103]]

 [[518 102]]

 [[519 102]]

 [[520 103]]

 [[520 105]]

 [[519 106]]

 [[520 107]]

 [[520 109]]

 [[519 110]]

 [[519 111]]

 [[517 113]]

 [[516 113]]

 [[515 112]]

 [[512 112]]

 [[514 112]]

 [[515 113]]

 [[514 114]]

 [[511 114]]

 [[510 115]]

 [[509 114]]

 [[509 113]]

 [[509 115]]

 [[508 116]]

 [[506 114]]

 [[505 115]]

 [[474 115]]

 [[473 114]]

 [[474 113]]

 [[502 113]]

 [[474 113]]

 [[473 112]]

 [[465 112]]

 [[464 113]]

 [[463 112]]

 [[462 113]]

 [[461 112]]

 [[460 113]]

 [[459 113]]

 [[458 112]]

 [[454 112]]

 [[453 111]]

 [[443 111]]

 [[442 110]]

 [[441 110]]

 [[442 111]]

 [[441 112]]

 [[440 112]]

 [[439 111]]

 [[438 111]]

 [[437 110]]

 [[436 110]]

 [[435 111]]

 [[438 114]]

 [[438 115]]

 [[437 116]]

 [[437 118]]

 [[436 119]]

 [[435 118]]

 [[435 117]]

 [[434 116]]

 [[434 115]]

 [[433 114]]

 [[432 115]]

 [[431 115]]

 [[430 114]]

 [[429 115]]

 [[429 121]]

 [[428 122]]

 [[428 124]]

 [[427 125]]

 [[428 126]]

 [[428 132]]

 [[427 133]]

 [[427 148]]

 [[428 149]]

 [[428 150]]

 [[427 151]]

 [[428 151]]

 [[429 152]]

 [[431 152]]

 [[432 153]]

 [[435 153]]

 [[436 154]]

 [[438 154]]

 [[439 155]]

 [[439 156]]

 [[440 157]]

 [[458 157]]

 [[459 156]]

 [[460 157]]

 [[469 157]]

 [[470 156]]

 [[471 157]]

 [[472 156]]

 [[477 156]]

 [[478 155]]

 [[479 156]]

 [[481 156]]

 [[482 155]]

 [[497 155]]

 [[498 156]]

 [[498 155]]

 [[499 154]]

 [[505 154]]

 [[506 153]]

 [[508 153]]

 [[509 152]]

 [[515 152]]

 [[516 151]]

 [[519 151]]

 [[520 150]]

 [[523 150]]

 [[523 149]]

 [[524 148]]

 [[525 148]]

 [[526 147]]

 [[527 147]]

 [[527 146]]

 [[528 145]]

 [[528 122]]

 [[529 121]]

 [[529 120]]

 [[528 119]]

 [[529 118]]

 [[529 117]]

 [[528 117]]

 [[527 116]]

 [[528 115]]

 [[528 109]]

 [[527 108]]

 [[527 107]]

 [[526 106]]

 [[525 106]]

 [[524 105]]

 [[524 104]]

 [[523 105]]

 [[522 104]]

 [[522 102]]

 [[521 101]]

 [[521  99]]

 [[522  98]]

 [[522  96]]

 [[524  94]]

 [[528  94]]

 [[529  93]]

 [[532  93]]

 [[533  92]]

 [[534  92]]

 [[533  92]]

 [[531  90]]

 [[531  89]]

 [[530  90]]

 [[529  89]]

 [[523  89]]

 [[521  87]]

 [[521  83]]

 [[520  82]]

 [[520  80]]

 [[519  79]]

 [[519  75]]

 [[519  79]]

 [[518  80]]

 [[517  79]]

 [[517  77]]

 [[517  79]]

 [[516  80]]

 [[515  79]]

 [[515  78]]

 [[514  77]]

 [[514  76]]

 [[515  75]]

 [[514  76]]

 [[513  75]]

 [[513  73]]

 [[512  72]]

 [[512  69]]

 [[511  68]]

 [[511  66]]

 [[510  65]]

 [[510  61]]

 [[509  60]]

 [[509  57]]

 [[508  56]]

 [[508  55]]

 [[507  54]]

 [[507  52]]

 [[506  51]]

 [[505  51]]

 [[505  54]]

 [[506  55]]

 [[506  56]]

 [[507  57]]

 [[507  60]]

 [[508  61]]

 [[508  64]]

 [[509  65]]

 [[509  67]]

 [[508  68]]

 [[507  67]]

 [[507  66]]

 [[505  64]]

 [[505  60]]

 [[505  63]]

 [[504  64]]

 [[503  63]]

 [[503  58]]

 [[504  57]]

 [[503  58]]

 [[502  57]]

 [[502  50]]

 [[501  49]]

 [[490  49]]

 [[489  48]]

 [[488  49]]

 [[487  48]]

 [[478  48]]

 [[477  49]]

 [[476  48]]]",NONE
12,snap13,Wed,Jul,21,15:45:08,2021,"[[[477  74]]

 [[476  75]]

 [[457  75]]

 [[456  76]]

 [[455  75]]

 [[454  76]]

 [[453  76]]

 [[452  75]]

 [[451  76]]

 [[451  84]]

 [[452  85]]

 [[452  96]]

 [[451  97]]

 [[451  99]]

 [[450 100]]

 [[451 101]]

 [[452 100]]

 [[472 100]]

 [[473 101]]

 [[480 101]]

 [[481 100]]

 [[482 101]]

 [[487 101]]

 [[488 100]]

 [[489 101]]

 [[490 100]]

 [[497 100]]

 [[498 101]]

 [[499 100]]

 [[500 100]]

 [[501 101]]

 [[502 100]]

 [[511 100]]

 [[509  98]]

 [[509  92]]

 [[510  91]]

 [[511  92]]

 [[511  97]]

 [[512  97]]

 [[513  98]]

 [[513 101]]

 [[514 102]]

 [[514 103]]

 [[515 103]]

 [[517 105]]

 [[516 106]]

 [[518 108]]

 [[518 109]]

 [[519 110]]

 [[519 113]]

 [[520 114]]

 [[520 116]]

 [[521 117]]

 [[521 120]]

 [[522 121]]

 [[522 125]]

 [[523 126]]

 [[523 127]]

 [[522 128]]

 [[521 128]]

 [[520 129]]

 [[456 129]]

 [[477 129]]

 [[478 130]]

 [[519 130]]

 [[520 129]]

 [[525 129]]

 [[525 126]]

 [[526 125]]

 [[527 126]]

 [[527 130]]

 [[525 132]]

 [[525 133]]

 [[526 134]]

 [[524 136]]

 [[522 136]]

 [[520 134]]

 [[519 135]]

 [[518 134]]

 [[517 134]]

 [[516 133]]

 [[516 132]]

 [[511 132]]

 [[510 133]]

 [[508 133]]

 [[507 132]]

 [[506 133]]

 [[505 132]]

 [[504 132]]

 [[503 133]]

 [[502 132]]

 [[472 132]]

 [[471 131]]

 [[470 132]]

 [[469 132]]

 [[468 131]]

 [[467 132]]

 [[466 131]]

 [[465 131]]

 [[464 132]]

 [[442 132]]

 [[442 133]]

 [[441 134]]

 [[439 132]]

 [[440 131]]

 [[439 131]]

 [[438 130]]

 [[436 132]]

 [[436 134]]

 [[437 134]]

 [[439 136]]

 [[439 137]]

 [[441 139]]

 [[442 139]]

 [[443 140]]

 [[445 140]]

 [[446 141]]

 [[447 140]]

 [[448 141]]

 [[449 140]]

 [[450 141]]

 [[452 141]]

 [[453 140]]

 [[454 140]]

 [[455 139]]

 [[456 140]]

 [[456 141]]

 [[459 141]]

 [[460 142]]

 [[460 143]]

 [[459 144]]

 [[461 142]]

 [[463 142]]

 [[464 143]]

 [[463 144]]

 [[462 144]]

 [[469 144]]

 [[469 143]]

 [[470 142]]

 [[489 142]]

 [[491 144]]

 [[492 144]]

 [[493 145]]

 [[498 145]]

 [[499 144]]

 [[500 144]]

 [[499 144]]

 [[498 145]]

 [[497 144]]

 [[492 144]]

 [[491 143]]

 [[492 142]]

 [[493 142]]

 [[494 141]]

 [[495 141]]

 [[496 140]]

 [[497 141]]

 [[497 142]]

 [[499 142]]

 [[500 141]]

 [[501 142]]

 [[502 142]]

 [[503 141]]

 [[504 142]]

 [[505 142]]

 [[504 141]]

 [[504 139]]

 [[504 140]]

 [[503 141]]

 [[501 139]]

 [[501 136]]

 [[500 135]]

 [[501 134]]

 [[502 134]]

 [[503 135]]

 [[503 134]]

 [[505 132]]

 [[506 133]]

 [[506 134]]

 [[505 135]]

 [[507 133]]

 [[508 134]]

 [[508 135]]

 [[510 137]]

 [[510 138]]

 [[509 139]]

 [[508 138]]

 [[507 138]]

 [[508 139]]

 [[509 139]]

 [[511 141]]

 [[511 142]]

 [[512 142]]

 [[513 141]]

 [[514 142]]

 [[515 142]]

 [[516 141]]

 [[519 141]]

 [[520 140]]

 [[521 140]]

 [[520 140]]

 [[519 139]]

 [[520 138]]

 [[523 138]]

 [[524 137]]

 [[525 137]]

 [[526 138]]

 [[526 141]]

 [[527 142]]

 [[527 146]]

 [[525 148]]

 [[524 147]]

 [[525 148]]

 [[524 149]]

 [[523 149]]

 [[522 150]]

 [[519 150]]

 [[518 151]]

 [[517 151]]

 [[516 150]]

 [[515 151]]

 [[515 152]]

 [[514 153]]

 [[513 153]]

 [[512 152]]

 [[513 151]]

 [[507 151]]

 [[506 150]]

 [[489 150]]

 [[488 149]]

 [[484 149]]

 [[483 150]]

 [[468 150]]

 [[467 149]]

 [[463 149]]

 [[462 148]]

 [[461 149]]

 [[459 149]]

 [[458 148]]

 [[457 148]]

 [[456 149]]

 [[455 148]]

 [[445 148]]

 [[444 149]]

 [[441 149]]

 [[440 148]]

 [[441 147]]

 [[443 147]]

 [[443 146]]

 [[440 146]]

 [[441 147]]

 [[440 148]]

 [[439 148]]

 [[437 146]]

 [[434 146]]

 [[434 148]]

 [[435 149]]

 [[436 149]]

 [[437 150]]

 [[437 151]]

 [[436 152]]

 [[436 154]]

 [[437 155]]

 [[437 156]]

 [[436 157]]

 [[434 155]]

 [[434 153]]

 [[433 152]]

 [[433 151]]

 [[432 150]]

 [[432 151]]

 [[431 152]]

 [[429 150]]

 [[427 152]]

 [[427 153]]

 [[426 154]]

 [[426 167]]

 [[425 168]]

 [[425 184]]

 [[424 185]]

 [[426 187]]

 [[426 191]]

 [[427 190]]

 [[428 191]]

 [[428 192]]

 [[429 193]]

 [[430 193]]

 [[431 194]]

 [[433 194]]

 [[434 195]]

 [[436 195]]

 [[439 198]]

 [[439 199]]

 [[442 199]]

 [[443 198]]

 [[444 199]]

 [[455 199]]

 [[456 198]]

 [[457 199]]

 [[458 198]]

 [[480 198]]

 [[481 197]]

 [[488 197]]

 [[489 198]]

 [[491 198]]

 [[492 197]]

 [[501 197]]

 [[502 196]]

 [[503 197]]

 [[504 196]]

 [[505 197]]

 [[506 196]]

 [[512 196]]

 [[513 195]]

 [[514 196]]

 [[515 195]]

 [[517 195]]

 [[518 194]]

 [[520 194]]

 [[521 193]]

 [[522 193]]

 [[523 192]]

 [[526 192]]

 [[527 191]]

 [[528 191]]

 [[530 189]]

 [[531 189]]

 [[531 188]]

 [[532 187]]

 [[533 187]]

 [[534 186]]

 [[535 186]]

 [[536 185]]

 [[536 183]]

 [[537 182]]

 [[537 168]]

 [[536 167]]

 [[536 160]]

 [[537 159]]

 [[537 153]]

 [[536 153]]

 [[535 152]]

 [[536 151]]

 [[536 146]]

 [[535 145]]

 [[535 142]]

 [[534 141]]

 [[534 140]]

 [[533 141]]

 [[532 140]]

 [[532 139]]

 [[531 139]]

 [[531 142]]

 [[530 143]]

 [[529 142]]

 [[529 134]]

 [[528 133]]

 [[528 132]]

 [[529 131]]

 [[529 130]]

 [[531 128]]

 [[534 128]]

 [[535 127]]

 [[537 127]]

 [[538 126]]

 [[541 126]]

 [[543 124]]

 [[541 124]]

 [[540 123]]

 [[540 122]]

 [[541 121]]

 [[542 122]]

 [[542 120]]

 [[540 122]]

 [[532 122]]

 [[531 121]]

 [[529 121]]

 [[528 120]]

 [[528 117]]

 [[527 116]]

 [[527 111]]

 [[526 110]]

 [[526 107]]

 [[525 106]]

 [[525 105]]

 [[525 107]]

 [[524 108]]

 [[523 107]]

 [[522 107]]

 [[521 108]]

 [[520 107]]

 [[520 106]]

 [[519 105]]

 [[519 104]]

 [[520 103]]

 [[520 102]]

 [[519 103]]

 [[518 102]]

 [[518 100]]

 [[517  99]]

 [[517  97]]

 [[516  96]]

 [[516  92]]

 [[515  91]]

 [[515  88]]

 [[514  87]]

 [[514  84]]

 [[513  83]]

 [[513  80]]

 [[512  80]]

 [[510  78]]

 [[510  77]]

 [[510  82]]

 [[509  83]]

 [[509  86]]

 [[508  87]]

 [[507  86]]

 [[507  77]]

 [[506  76]]

 [[498  76]]

 [[497  75]]

 [[480  75]]

 [[479  76]]]",NONE
13,snap14,Wed,Jul,21,15:45:09,2021,"[[[565   0]]

 [[565   4]]

 [[564   5]]

 [[564  11]]

 [[566  13]]

 [[566  20]]

 [[567  21]]

 [[567  22]]

 [[568  22]]

 [[569  23]]

 [[572  23]]

 [[573  24]]

 [[578  24]]

 [[579  25]]

 [[580  24]]

 [[581  25]]

 [[616  25]]

 [[617  24]]

 [[626  24]]

 [[627  23]]

 [[633  23]]

 [[634  22]]

 [[636  22]]

 [[636  21]]

 [[637  20]]

 [[637   9]]

 [[636   8]]

 [[636   6]]

 [[637   5]]

 [[636   5]]

 [[635   4]]

 [[636   3]]

 [[636   2]]

 [[637   1]]

 [[637   0]]

 [[633   0]]

 [[633   1]]

 [[634   2]]

 [[634   3]]

 [[633   4]]

 [[631   4]]

 [[629   2]]

 [[629   1]]

 [[625   1]]

 [[624   2]]

 [[623   2]]

 [[621   4]]

 [[620   4]]

 [[619   3]]

 [[619   2]]

 [[621   0]]

 [[610   0]]

 [[609   1]]

 [[607   1]]

 [[607   2]]

 [[606   3]]

 [[602   3]]

 [[601   2]]

 [[602   1]]

 [[600   1]]

 [[599   0]]

 [[588   0]]

 [[589   1]]

 [[589   2]]

 [[590   3]]

 [[589   4]]

 [[588   4]]

 [[585   1]]

 [[581   1]]

 [[580   0]]]",NONE
